{
    "schema": "1.0",
    "type": "whmcs-servers",
    "name": "products_reseller_server",
    "license": "proprietary",
    "category": "provisioning",
    "description": {
        "name": "Products Reseller for WHMCS",
        "tagline": "Reselling Hosting Services integration for WHMCS",
        "long": "This module provides reselling hosting services inside WHMCS."
    },
    "support": {
        "docs_url": "https://docs.whmpress.com/"
    },
    "authors": [
        {
            "name": "WHMPRESS",
            "homepage": "https://whmpress.com/"
        }
    ]
}